{
	"body":
	{
		"type": "m_med_nrw"
	},
	"face":
	{
		"freckles":
		{
			"option": "Freckles1",
			"density": 0.31117016077041626,
			"saturation": 0.5,
			"strength": 0.17752659320831299,
			"toneShift": 0.5
		},
		"accents":
		{
			"scalp":
			{
				"redness": 0,
				"saturation": 0,
				"lightness": 0
			},
			"forehead":
			{
				"redness": 0,
				"saturation": 0,
				"lightness": 0
			},
			"nose":
			{
				"redness": 0,
				"saturation": 0,
				"lightness": 0
			},
			"underEye":
			{
				"redness": 0,
				"saturation": -0.28003758192062378,
				"lightness": -0.51235926151275635
			},
			"cheeks":
			{
				"redness": 0,
				"saturation": 0,
				"lightness": -0.21010643243789673
			},
			"lips":
			{
				"redness": 0,
				"saturation": -0.31000000238418579,
				"lightness": 0
			},
			"chin":
			{
				"redness": 0,
				"saturation": 0,
				"lightness": 0
			},
			"ears":
			{
				"redness": 0,
				"saturation": 0,
				"lightness": 0
			}
		},
		"leftEye":
		{
			"iris":
			{
				"option": "008",
				"color1UI":
				{
					"x": 0.65943098068237305,
					"y": 0.44166645407676697
				},
				"color1":
				{
					"r": 0.088655583560466766,
					"g": 0.057805430144071579,
					"b": 0.024157632142305374,
					"a": 1
				},
				"color2UI":
				{
					"x": 0.36302384734153748,
					"y": 0.66666644811630249
				},
				"color2":
				{
					"r": 0.084376208484172821,
					"g": 0.099898725748062134,
					"b": 0.090841710567474365,
					"a": 1
				},
				"bUseRadialBlend": false,
				"colorBalance": 0.82779252529144287,
				"colorBalanceSmoothness": 0.47074463963508606,
				"size": 0.51063823699951172,
				"saturation": 0.4867020845413208,
				"limbusDarkAmount": 0.29720741510391235
			},
			"sclera":
			{
				"tintUI":
				{
					"x": 0.56974289945499623,
					"y": 0.32000000000000001
				},
				"tint":
				{
					"r": 0.98225057125091553,
					"g": 0.89626932144165039,
					"b": 0.79129791259765625,
					"a": 1
				},
				"brightness": 0.49092614650726318,
				"rotation": 0,
				"vascularity": 0.47841501235961914,
				"veinsRotation": 0
			}
		},
		"rightEye":
		{
			"iris":
			{
				"option": "008",
				"color1UI":
				{
					"x": 0.65943098068237305,
					"y": 0.44166645407676697
				},
				"color1":
				{
					"r": 0.088655583560466766,
					"g": 0.057805430144071579,
					"b": 0.024157632142305374,
					"a": 1
				},
				"color2UI":
				{
					"x": 0.36302384734153748,
					"y": 0.66666644811630249
				},
				"color2":
				{
					"r": 0.084376208484172821,
					"g": 0.099898725748062134,
					"b": 0.090841710567474365,
					"a": 1
				},
				"bUseRadialBlend": false,
				"colorBalance": 0.82779252529144287,
				"colorBalanceSmoothness": 0.47074463963508606,
				"size": 0.51063823699951172,
				"saturation": 0.4867020845413208,
				"limbusDarkAmount": 0.29720741510391235
			},
			"sclera":
			{
				"tintUI":
				{
					"x": 0.56974289945499623,
					"y": 0.32000000000000001
				},
				"tint":
				{
					"r": 0.98225057125091553,
					"g": 0.89626932144165039,
					"b": 0.79129791259765625,
					"a": 1
				},
				"brightness": 0.49092614650726318,
				"rotation": 0,
				"vascularity": 0.47841501235961914,
				"veinsRotation": 0
			}
		},
		"teeth":
		{
			"teethColorUI":
			{
				"x": 0.34999999403953552,
				"y": 0.34999999403953552
			},
			"teethColor":
			{
				"r": 0.67954248189926147,
				"g": 0.52099555730819702,
				"b": 0.33716362714767456,
				"a": 1
			},
			"gumColorUI":
			{
				"x": 0.34999999403953552,
				"y": 0.34999999403953552
			},
			"gumColor":
			{
				"r": 0.39157247543334961,
				"g": 0.078187420964241028,
				"b": 0.064803265035152435,
				"a": 1
			},
			"plaqueColorUI":
			{
				"x": 0.34999999403953552,
				"y": 0.34999999403953552
			},
			"plaqueColor":
			{
				"r": 0.60382735729217529,
				"g": 0.41788506507873535,
				"b": 0.11443537473678589,
				"a": 1
			},
			"plaqueAmount": 0.11999999731779099
		},
		"makeup":
		{
			"foundation":
			{
				"bApplyFoundation": false,
				"color":
				{
					"r": 0.39157199859619141,
					"g": 0.16513200104236603,
					"b": 0.10461600124835968,
					"a": 1
				},
				"intensity": 0.5,
				"roughness": 0.25,
				"concealer": 0
			},
			"eyes":
			{
				"option": "SoftSmokey",
				"primaryColor":
				{
					"r": 0,
					"g": 0,
					"b": 0,
					"a": 0
				},
				"secondaryColor":
				{
					"r": 0,
					"g": 0,
					"b": 0,
					"a": 1
				},
				"roughness": 0.5,
				"transparency": 1,
				"metalness": 0
			},
			"blusher":
			{
				"option": "None",
				"color":
				{
					"r": 0.34509798884391785,
					"g": 0,
					"b": 0,
					"a": 1
				},
				"intensity": 0.40000000596046448,
				"roughness": 0.25
			},
			"lips":
			{
				"option": "None",
				"color":
				{
					"r": 0.25520798563957214,
					"g": 0.010634000413119793,
					"b": 0.022097999230027199,
					"a": 1
				},
				"roughness": 0.5,
				"transparency": 0
			}
		}
	},
	"textureSynthesis":
	{
		"bSkinUnlocked": true,
		"lowFrequency": 0.019946807995438576,
		"highFrequency": 0.49869999289512634,
		"contrast": 0.5,
		"skinToneUI":
		{
			"x": 0.54715549945831299,
			"y": 0.40166667103767395
		},
		"skinTone":
		{
			"r": 0.39157247543334961,
			"g": 0.16513219475746155,
			"b": 0.10702310502529144,
			"a": 1
		}
	},
	"grooms":
	{
		"hair":
		{
			"option": "HairShortSweptUp",
			"length": 1,
			"bUseCustomProperties": true,
			"melaninAndRedness":
			{
				"x": 0.50449089768404021,
				"y": 0.41166648268699646
			},
			"roughness": 0.40093082189559937,
			"whiteness": 0.017952127382159233,
			"lightness": 0.5,
			"presetOption": "None",
			"bUseDyeColor": false,
			"dyeColor":
			{
				"r": 0.32156899571418762,
				"g": 0,
				"b": 0.69019597768783569,
				"a": 1
			},
			"bUseRegions": false,
			"regionsUV":
			{
				"x": 0.28189998865127563,
				"y": 0.25
			},
			"bUseRegionsColor": false,
			"regionsColor":
			{
				"r": 1,
				"g": 1,
				"b": 1,
				"a": 1
			},
			"regionsPresetOption": "None",
			"bUseOmbre": true,
			"ombreUV":
			{
				"x": 0.28189998865127563,
				"y": 0.25
			},
			"bUseOmbreColor": false,
			"ombreColor":
			{
				"r": 1,
				"g": 1,
				"b": 1,
				"a": 1
			},
			"ombreShift": 0.58843082189559937,
			"ombreContrast": 0,
			"ombreIntensity": 0.41289889812469482,
			"ombrePresetOption": "None",
			"bUseHighlights": false,
			"highlightsUV":
			{
				"x": 0.28189998865127563,
				"y": 0.25
			},
			"bUseHighlightsColor": false,
			"highlightsColor":
			{
				"r": 1,
				"g": 1,
				"b": 1,
				"a": 1
			},
			"highlightsBlending": 0.74601060152053833,
			"highlightsIntensity": 0.69215422868728638,
			"highlightsVariation": 0,
			"highlightsPresetOption": "None",
			"eyebrowsShading": 1,
			"eyebrowsMicroblading": 1,
			"bUseMaskModulation": false,
			"maskModulationOption": "None"
		},
		"eyebrows":
		{
			"option": "EyebrowsFlatThick",
			"length": 1,
			"bUseCustomProperties": true,
			"melaninAndRedness":
			{
				"x": 0.45958072161246205,
				"y": 0.32666648944218951
			},
			"roughness": 0.25,
			"whiteness": 0,
			"lightness": 0.5,
			"presetOption": "None",
			"bUseDyeColor": false,
			"dyeColor":
			{
				"r": 0.32156899571418762,
				"g": 0,
				"b": 0.69019597768783569,
				"a": 1
			},
			"bUseRegions": false,
			"regionsUV":
			{
				"x": 0.28189998865127563,
				"y": 0.25
			},
			"bUseRegionsColor": false,
			"regionsColor":
			{
				"r": 1,
				"g": 1,
				"b": 1,
				"a": 1
			},
			"regionsPresetOption": "None",
			"bUseOmbre": false,
			"ombreUV":
			{
				"x": 0.28189998865127563,
				"y": 0.25
			},
			"bUseOmbreColor": false,
			"ombreColor":
			{
				"r": 1,
				"g": 1,
				"b": 1,
				"a": 1
			},
			"ombreShift": 0.5,
			"ombreContrast": 0,
			"ombreIntensity": 1,
			"ombrePresetOption": "None",
			"bUseHighlights": false,
			"highlightsUV":
			{
				"x": 0.28189998865127563,
				"y": 0.25
			},
			"bUseHighlightsColor": false,
			"highlightsColor":
			{
				"r": 1,
				"g": 1,
				"b": 1,
				"a": 1
			},
			"highlightsBlending": 0.5,
			"highlightsIntensity": 0.5,